{"nm":"Composicao  Cheked SB","ddd":0,"h":1500,"w":1500,"meta":{"g":"@lottiefiles/toolkit-js 0.26.1"},"layers":[{"ty":4,"nm":"check contornos","sr":1,"st":0,"op":300,"ip":0,"hd":false,"ddd":0,"bm":0,"hasMask":false,"ao":0,"ks":{"a":{"a":0,"k":[562.5,1218,0],"ix":1},"s":{"a":0,"k":[46.002,46.002,100],"ix":6},"sk":{"a":0,"k":0},"p":{"a":0,"k":[732.561,693.224,0],"ix":2},"r":{"a":0,"k":0,"ix":10},"sa":{"a":0,"k":0},"o":{"a":0,"k":100,"ix":11}},"ef":[],"shapes":[{"ty":"gr","bm":0,"hd":false,"mn":"ADBE Vector Group","nm":"Grupo 1","ix":1,"cix":2,"np":2,"it":[{"ty":"sh","bm":0,"hd":false,"mn":"ADBE Vector Shape - Group","nm":"Caminho 1","ix":1,"d":1,"ks":{"a":0,"k":{"c":false,"i":[[0,0],[0,0],[0,0]],"o":[[0,0],[0,0],[0,0]],"v":[[387.664,-266.519],[-145.373,266.519],[-387.664,24.229]]},"ix":2}},{"ty":"st","bm":0,"hd":false,"mn":"ADBE Vector Graphic - Stroke","nm":"TraÃÂ§ado 1","lc":2,"lj":2,"ml":1,"o":{"a":0,"k":100,"ix":4},"w":{"a":0,"k":200,"ix":5},"c":{"a":0,"k":[1,1,1],"ix":3}},{"ty":"tr","a":{"a":0,"k":[0,0],"ix":1},"s":{"a":1,"k":[{"o":{"x":0.333,"y":0},"i":{"x":0,"y":1},"s":[30,30],"t":150},{"s":[100.956,100.956],"t":181}],"ix":3},"sk":{"a":0,"k":0,"ix":4},"p":{"a":0,"k":[624.336,1356.333],"ix":2},"r":{"a":0,"k":0,"ix":6},"sa":{"a":0,"k":0,"ix":5},"o":{"a":0,"k":100,"ix":7}}]},{"ty":"tm","bm":0,"hd":false,"mn":"ADBE Vector Filter - Trim","nm":"Aparar caminhos 1","ix":2,"e":{"a":1,"k":[{"o":{"x":0.333,"y":0},"i":{"x":0,"y":1},"s":[100],"t":150},{"s":[0],"t":181}],"ix":2},"o":{"a":0,"k":0,"ix":3},"s":{"a":0,"k":100,"ix":1},"m":1}],"ind":1},{"ty":4,"nm":"Tracos 12","sr":1,"st":0,"op":300,"ip":0,"hd":false,"ddd":0,"bm":0,"hasMask":false,"ao":0,"ks":{"a":{"a":0,"k":[-24.727,334.38,0],"ix":1},"s":{"a":0,"k":[100,150,100],"ix":6},"sk":{"a":0,"k":0},"p":{"a":0,"k":[747,748.52,0],"ix":2},"r":{"a":0,"k":690,"ix":10},"sa":{"a":0,"k":0},"o":{"a":0,"k":100,"ix":11}},"ef":[],"shapes":[{"ty":"gr","bm":0,"hd":false,"mn":"ADBE Vector Group","nm":"Shape","ix":1,"cix":2,"np":3,"it":[{"ty":"sh","bm":0,"hd":false,"mn":"ADBE Vector Shape - Group","nm":"Caminho 1","ix":1,"d":1,"ks":{"a":0,"k":{"c":false,"i":[[0,0],[0,0]],"o":[[0,0],[0,0]],"v":[[-17,5],[-17,-124]]},"ix":2}},{"ty":"st","bm":10,"hd":false,"mn":"ADBE Vector Graphic - Stroke","nm":"TraÃÂ§ado 1","lc":2,"lj":1,"ml":4,"o":{"a":0,"k":100,"ix":4},"w":{"a":0,"k":15,"ix":5},"c":{"a":0,"k":[0.4706,0.8784,0.5608],"ix":3}},{"ty":"tr","a":{"a":0,"k":[0,0],"ix":1},"s":{"a":0,"k":[100,100],"ix":3},"sk":{"a":0,"k":0,"ix":4},"p":{"a":0,"k":[0,0],"ix":2},"r":{"a":0,"k":0,"ix":6},"sa":{"a":0,"k":0,"ix":5},"o":{"a":0,"k":100,"ix":7}}]},{"ty":"tm","bm":0,"hd":false,"mn":"ADBE Vector Filter - Trim","nm":"Trim Patchs","ix":2,"e":{"a":1,"k":[{"o":{"x":0.333,"y":0},"i":{"x":0,"y":1},"s":[0],"t":161},{"s":[100],"t":181}],"ix":2},"o":{"a":0,"k":0,"ix":3},"s":{"a":1,"k":[{"o":{"x":0.333,"y":0},"i":{"x":0,"y":1},"s":[0],"t":167},{"s":[100],"t":187}],"ix":1},"m":1}],"ind":2},{"ty":4,"nm":"Tracos 11","sr":1,"st":0,"op":300,"ip":0,"hd":false,"ddd":0,"bm":0,"hasMask":false,"ao":0,"ks":{"a":{"a":0,"k":[-24.727,334.38,0],"ix":1},"s":{"a":0,"k":[100,150,100],"ix":6},"sk":{"a":0,"k":0},"p":{"a":0,"k":[747,748.52,0],"ix":2},"r":{"a":0,"k":660,"ix":10},"sa":{"a":0,"k":0},"o":{"a":0,"k":100,"ix":11}},"ef":[],"shapes":[{"ty":"gr","bm":0,"hd":false,"mn":"ADBE Vector Group","nm":"Shape","ix":1,"cix":2,"np":3,"it":[{"ty":"sh","bm":0,"hd":false,"mn":"ADBE Vector Shape - Group","nm":"Caminho 1","ix":1,"d":1,"ks":{"a":0,"k":{"c":false,"i":[[0,0],[0,0]],"o":[[0,0],[0,0]],"v":[[-17,5],[-17,-124]]},"ix":2}},{"ty":"st","bm":10,"hd":false,"mn":"ADBE Vector Graphic - Stroke","nm":"TraÃÂ§ado 1","lc":2,"lj":1,"ml":4,"o":{"a":0,"k":100,"ix":4},"w":{"a":0,"k":15,"ix":5},"c":{"a":0,"k":[0.4706,0.8784,0.5608],"ix":3}},{"ty":"tr","a":{"a":0,"k":[0,0],"ix":1},"s":{"a":0,"k":[100,100],"ix":3},"sk":{"a":0,"k":0,"ix":4},"p":{"a":0,"k":[0,0],"ix":2},"r":{"a":0,"k":0,"ix":6},"sa":{"a":0,"k":0,"ix":5},"o":{"a":0,"k":100,"ix":7}}]},{"ty":"tm","bm":0,"hd":false,"mn":"ADBE Vector Filter - Trim","nm":"Trim Patchs","ix":2,"e":{"a":1,"k":[{"o":{"x":0.333,"y":0},"i":{"x":0,"y":1},"s":[0],"t":161},{"s":[100],"t":181}],"ix":2},"o":{"a":0,"k":0,"ix":3},"s":{"a":1,"k":[{"o":{"x":0.333,"y":0},"i":{"x":0,"y":1},"s":[0],"t":167},{"s":[100],"t":187}],"ix":1},"m":1}],"ind":3},{"ty":4,"nm":"Tracos 10","sr":1,"st":0,"op":300,"ip":0,"hd":false,"ddd":0,"bm":0,"hasMask":false,"ao":0,"ks":{"a":{"a":0,"k":[-24.727,334.38,0],"ix":1},"s":{"a":0,"k":[100,150,100],"ix":6},"sk":{"a":0,"k":0},"p":{"a":0,"k":[747,748.52,0],"ix":2},"r":{"a":0,"k":630,"ix":10},"sa":{"a":0,"k":0},"o":{"a":0,"k":100,"ix":11}},"ef":[],"shapes":[{"ty":"gr","bm":0,"hd":false,"mn":"ADBE Vector Group","nm":"Shape","ix":1,"cix":2,"np":3,"it":[{"ty":"sh","bm":0,"hd":false,"mn":"ADBE Vector Shape - Group","nm":"Caminho 1","ix":1,"d":1,"ks":{"a":0,"k":{"c":false,"i":[[0,0],[0,0]],"o":[[0,0],[0,0]],"v":[[-17,5],[-17,-124]]},"ix":2}},{"ty":"st","bm":10,"hd":false,"mn":"ADBE Vector Graphic - Stroke","nm":"TraÃÂ§ado 1","lc":2,"lj":1,"ml":4,"o":{"a":0,"k":100,"ix":4},"w":{"a":0,"k":15,"ix":5},"c":{"a":0,"k":[0.4706,0.8784,0.5608],"ix":3}},{"ty":"tr","a":{"a":0,"k":[0,0],"ix":1},"s":{"a":0,"k":[100,100],"ix":3},"sk":{"a":0,"k":0,"ix":4},"p":{"a":0,"k":[0,0],"ix":2},"r":{"a":0,"k":0,"ix":6},"sa":{"a":0,"k":0,"ix":5},"o":{"a":0,"k":100,"ix":7}}]},{"ty":"tm","bm":0,"hd":false,"mn":"ADBE Vector Filter - Trim","nm":"Trim Patchs","ix":2,"e":{"a":1,"k":[{"o":{"x":0.333,"y":0},"i":{"x":0,"y":1},"s":[0],"t":161},{"s":[100],"t":181}],"ix":2},"o":{"a":0,"k":0,"ix":3},"s":{"a":1,"k":[{"o":{"x":0.333,"y":0},"i":{"x":0,"y":1},"s":[0],"t":167},{"s":[100],"t":187}],"ix":1},"m":1}],"ind":4},{"ty":4,"nm":"Tracos 9","sr":1,"st":0,"op":300,"ip":0,"hd":false,"ddd":0,"bm":0,"hasMask":false,"ao":0,"ks":{"a":{"a":0,"k":[-24.727,334.38,0],"ix":1},"s":{"a":0,"k":[100,150,100],"ix":6},"sk":{"a":0,"k":0},"p":{"a":0,"k":[747,748.52,0],"ix":2},"r":{"a":0,"k":600,"ix":10},"sa":{"a":0,"k":0},"o":{"a":0,"k":100,"ix":11}},"ef":[],"shapes":[{"ty":"gr","bm":0,"hd":false,"mn":"ADBE Vector Group","nm":"Shape","ix":1,"cix":2,"np":3,"it":[{"ty":"sh","bm":0,"hd":false,"mn":"ADBE Vector Shape - Group","nm":"Caminho 1","ix":1,"d":1,"ks":{"a":0,"k":{"c":false,"i":[[0,0],[0,0]],"o":[[0,0],[0,0]],"v":[[-17,5],[-17,-124]]},"ix":2}},{"ty":"st","bm":10,"hd":false,"mn":"ADBE Vector Graphic - Stroke","nm":"TraÃÂ§ado 1","lc":2,"lj":1,"ml":4,"o":{"a":0,"k":100,"ix":4},"w":{"a":0,"k":15,"ix":5},"c":{"a":0,"k":[0.4706,0.8784,0.5608],"ix":3}},{"ty":"tr","a":{"a":0,"k":[0,0],"ix":1},"s":{"a":0,"k":[100,100],"ix":3},"sk":{"a":0,"k":0,"ix":4},"p":{"a":0,"k":[0,0],"ix":2},"r":{"a":0,"k":0,"ix":6},"sa":{"a":0,"k":0,"ix":5},"o":{"a":0,"k":100,"ix":7}}]},{"ty":"tm","bm":0,"hd":false,"mn":"ADBE Vector Filter - Trim","nm":"Trim Patchs","ix":2,"e":{"a":1,"k":[{"o":{"x":0.333,"y":0},"i":{"x":0,"y":1},"s":[0],"t":161},{"s":[100],"t":181}],"ix":2},"o":{"a":0,"k":0,"ix":3},"s":{"a":1,"k":[{"o":{"x":0.333,"y":0},"i":{"x":0,"y":1},"s":[0],"t":167},{"s":[100],"t":187}],"ix":1},"m":1}],"ind":5},{"ty":4,"nm":"Tracos 8","sr":1,"st":0,"op":300,"ip":0,"hd":false,"ddd":0,"bm":0,"hasMask":false,"ao":0,"ks":{"a":{"a":0,"k":[-24.727,334.38,0],"ix":1},"s":{"a":0,"k":[100,150,100],"ix":6},"sk":{"a":0,"k":0},"p":{"a":0,"k":[747,748.52,0],"ix":2},"r":{"a":0,"k":570,"ix":10},"sa":{"a":0,"k":0},"o":{"a":0,"k":100,"ix":11}},"ef":[],"shapes":[{"ty":"gr","bm":0,"hd":false,"mn":"ADBE Vector Group","nm":"Shape","ix":1,"cix":2,"np":3,"it":[{"ty":"sh","bm":0,"hd":false,"mn":"ADBE Vector Shape - Group","nm":"Caminho 1","ix":1,"d":1,"ks":{"a":0,"k":{"c":false,"i":[[0,0],[0,0]],"o":[[0,0],[0,0]],"v":[[-17,5],[-17,-124]]},"ix":2}},{"ty":"st","bm":10,"hd":false,"mn":"ADBE Vector Graphic - Stroke","nm":"TraÃÂ§ado 1","lc":2,"lj":1,"ml":4,"o":{"a":0,"k":100,"ix":4},"w":{"a":0,"k":15,"ix":5},"c":{"a":0,"k":[0.4706,0.8784,0.5608],"ix":3}},{"ty":"tr","a":{"a":0,"k":[0,0],"ix":1},"s":{"a":0,"k":[100,100],"ix":3},"sk":{"a":0,"k":0,"ix":4},"p":{"a":0,"k":[0,0],"ix":2},"r":{"a":0,"k":0,"ix":6},"sa":{"a":0,"k":0,"ix":5},"o":{"a":0,"k":100,"ix":7}}]},{"ty":"tm","bm":0,"hd":false,"mn":"ADBE Vector Filter - Trim","nm":"Trim Patchs","ix":2,"e":{"a":1,"k":[{"o":{"x":0.333,"y":0},"i":{"x":0,"y":1},"s":[0],"t":161},{"s":[100],"t":181}],"ix":2},"o":{"a":0,"k":0,"ix":3},"s":{"a":1,"k":[{"o":{"x":0.333,"y":0},"i":{"x":0,"y":1},"s":[0],"t":167},{"s":[100],"t":187}],"ix":1},"m":1}],"ind":6},{"ty":4,"nm":"Tracos 7","sr":1,"st":0,"op":300,"ip":0,"hd":false,"ddd":0,"bm":0,"hasMask":false,"ao":0,"ks":{"a":{"a":0,"k":[-24.727,334.38,0],"ix":1},"s":{"a":0,"k":[100,150,100],"ix":6},"sk":{"a":0,"k":0},"p":{"a":0,"k":[747,748.52,0],"ix":2},"r":{"a":0,"k":540,"ix":10},"sa":{"a":0,"k":0},"o":{"a":0,"k":100,"ix":11}},"ef":[],"shapes":[{"ty":"gr","bm":0,"hd":false,"mn":"ADBE Vector Group","nm":"Shape","ix":1,"cix":2,"np":3,"it":[{"ty":"sh","bm":0,"hd":false,"mn":"ADBE Vector Shape - Group","nm":"Caminho 1","ix":1,"d":1,"ks":{"a":0,"k":{"c":false,"i":[[0,0],[0,0]],"o":[[0,0],[0,0]],"v":[[-17,5],[-17,-124]]},"ix":2}},{"ty":"st","bm":10,"hd":false,"mn":"ADBE Vector Graphic - Stroke","nm":"TraÃÂ§ado 1","lc":2,"lj":1,"ml":4,"o":{"a":0,"k":100,"ix":4},"w":{"a":0,"k":15,"ix":5},"c":{"a":0,"k":[0.4706,0.8784,0.5608],"ix":3}},{"ty":"tr","a":{"a":0,"k":[0,0],"ix":1},"s":{"a":0,"k":[100,100],"ix":3},"sk":{"a":0,"k":0,"ix":4},"p":{"a":0,"k":[0,0],"ix":2},"r":{"a":0,"k":0,"ix":6},"sa":{"a":0,"k":0,"ix":5},"o":{"a":0,"k":100,"ix":7}}]},{"ty":"tm","bm":0,"hd":false,"mn":"ADBE Vector Filter - Trim","nm":"Trim Patchs","ix":2,"e":{"a":1,"k":[{"o":{"x":0.333,"y":0},"i":{"x":0,"y":1},"s":[0],"t":161},{"s":[100],"t":181}],"ix":2},"o":{"a":0,"k":0,"ix":3},"s":{"a":1,"k":[{"o":{"x":0.333,"y":0},"i":{"x":0,"y":1},"s":[0],"t":167},{"s":[100],"t":187}],"ix":1},"m":1}],"ind":7},{"ty":4,"nm":"Tracos 6","sr":1,"st":0,"op":300,"ip":0,"hd":false,"ddd":0,"bm":0,"hasMask":false,"ao":0,"ks":{"a":{"a":0,"k":[-24.727,334.38,0],"ix":1},"s":{"a":0,"k":[100,150,100],"ix":6},"sk":{"a":0,"k":0},"p":{"a":0,"k":[747,748.52,0],"ix":2},"r":{"a":0,"k":510,"ix":10},"sa":{"a":0,"k":0},"o":{"a":0,"k":100,"ix":11}},"ef":[],"shapes":[{"ty":"gr","bm":0,"hd":false,"mn":"ADBE Vector Group","nm":"Shape","ix":1,"cix":2,"np":3,"it":[{"ty":"sh","bm":0,"hd":false,"mn":"ADBE Vector Shape - Group","nm":"Caminho 1","ix":1,"d":1,"ks":{"a":0,"k":{"c":false,"i":[[0,0],[0,0]],"o":[[0,0],[0,0]],"v":[[-17,5],[-17,-124]]},"ix":2}},{"ty":"st","bm":10,"hd":false,"mn":"ADBE Vector Graphic - Stroke","nm":"TraÃÂ§ado 1","lc":2,"lj":1,"ml":4,"o":{"a":0,"k":100,"ix":4},"w":{"a":0,"k":15,"ix":5},"c":{"a":0,"k":[0.4706,0.8784,0.5608],"ix":3}},{"ty":"tr","a":{"a":0,"k":[0,0],"ix":1},"s":{"a":0,"k":[100,100],"ix":3},"sk":{"a":0,"k":0,"ix":4},"p":{"a":0,"k":[0,0],"ix":2},"r":{"a":0,"k":0,"ix":6},"sa":{"a":0,"k":0,"ix":5},"o":{"a":0,"k":100,"ix":7}}]},{"ty":"tm","bm":0,"hd":false,"mn":"ADBE Vector Filter - Trim","nm":"Trim Patchs","ix":2,"e":{"a":1,"k":[{"o":{"x":0.333,"y":0},"i":{"x":0,"y":1},"s":[0],"t":161},{"s":[100],"t":181}],"ix":2},"o":{"a":0,"k":0,"ix":3},"s":{"a":1,"k":[{"o":{"x":0.333,"y":0},"i":{"x":0,"y":1},"s":[0],"t":167},{"s":[100],"t":187}],"ix":1},"m":1}],"ind":8},{"ty":4,"nm":"Tracos 5","sr":1,"st":0,"op":300,"ip":0,"hd":false,"ddd":0,"bm":0,"hasMask":false,"ao":0,"ks":{"a":{"a":0,"k":[-24.727,334.38,0],"ix":1},"s":{"a":0,"k":[100,150,100],"ix":6},"sk":{"a":0,"k":0},"p":{"a":0,"k":[747,748.52,0],"ix":2},"r":{"a":0,"k":480,"ix":10},"sa":{"a":0,"k":0},"o":{"a":0,"k":100,"ix":11}},"ef":[],"shapes":[{"ty":"gr","bm":0,"hd":false,"mn":"ADBE Vector Group","nm":"Shape","ix":1,"cix":2,"np":3,"it":[{"ty":"sh","bm":0,"hd":false,"mn":"ADBE Vector Shape - Group","nm":"Caminho 1","ix":1,"d":1,"ks":{"a":0,"k":{"c":false,"i":[[0,0],[0,0]],"o":[[0,0],[0,0]],"v":[[-17,5],[-17,-124]]},"ix":2}},{"ty":"st","bm":10,"hd":false,"mn":"ADBE Vector Graphic - Stroke","nm":"TraÃÂ§ado 1","lc":2,"lj":1,"ml":4,"o":{"a":0,"k":100,"ix":4},"w":{"a":0,"k":15,"ix":5},"c":{"a":0,"k":[0.4706,0.8784,0.5608],"ix":3}},{"ty":"tr","a":{"a":0,"k":[0,0],"ix":1},"s":{"a":0,"k":[100,100],"ix":3},"sk":{"a":0,"k":0,"ix":4},"p":{"a":0,"k":[0,0],"ix":2},"r":{"a":0,"k":0,"ix":6},"sa":{"a":0,"k":0,"ix":5},"o":{"a":0,"k":100,"ix":7}}]},{"ty":"tm","bm":0,"hd":false,"mn":"ADBE Vector Filter - Trim","nm":"Trim Patchs","ix":2,"e":{"a":1,"k":[{"o":{"x":0.333,"y":0},"i":{"x":0,"y":1},"s":[0],"t":161},{"s":[100],"t":181}],"ix":2},"o":{"a":0,"k":0,"ix":3},"s":{"a":1,"k":[{"o":{"x":0.333,"y":0},"i":{"x":0,"y":1},"s":[0],"t":167},{"s":[100],"t":187}],"ix":1},"m":1}],"ind":9},{"ty":4,"nm":"Tracos 4","sr":1,"st":0,"op":300,"ip":0,"hd":false,"ddd":0,"bm":0,"hasMask":false,"ao":0,"ks":{"a":{"a":0,"k":[-24.727,334.38,0],"ix":1},"s":{"a":0,"k":[100,150,100],"ix":6},"sk":{"a":0,"k":0},"p":{"a":0,"k":[747,748.52,0],"ix":2},"r":{"a":0,"k":450,"ix":10},"sa":{"a":0,"k":0},"o":{"a":0,"k":100,"ix":11}},"ef":[],"shapes":[{"ty":"gr","bm":0,"hd":false,"mn":"ADBE Vector Group","nm":"Shape","ix":1,"cix":2,"np":3,"it":[{"ty":"sh","bm":0,"hd":false,"mn":"ADBE Vector Shape - Group","nm":"Caminho 1","ix":1,"d":1,"ks":{"a":0,"k":{"c":false,"i":[[0,0],[0,0]],"o":[[0,0],[0,0]],"v":[[-17,5],[-17,-124]]},"ix":2}},{"ty":"st","bm":10,"hd":false,"mn":"ADBE Vector Graphic - Stroke","nm":"TraÃÂ§ado 1","lc":2,"lj":1,"ml":4,"o":{"a":0,"k":100,"ix":4},"w":{"a":0,"k":15,"ix":5},"c":{"a":0,"k":[0.4706,0.8784,0.5608],"ix":3}},{"ty":"tr","a":{"a":0,"k":[0,0],"ix":1},"s":{"a":0,"k":[100,100],"ix":3},"sk":{"a":0,"k":0,"ix":4},"p":{"a":0,"k":[0,0],"ix":2},"r":{"a":0,"k":0,"ix":6},"sa":{"a":0,"k":0,"ix":5},"o":{"a":0,"k":100,"ix":7}}]},{"ty":"tm","bm":0,"hd":false,"mn":"ADBE Vector Filter - Trim","nm":"Trim Patchs","ix":2,"e":{"a":1,"k":[{"o":{"x":0.333,"y":0},"i":{"x":0,"y":1},"s":[0],"t":161},{"s":[100],"t":181}],"ix":2},"o":{"a":0,"k":0,"ix":3},"s":{"a":1,"k":[{"o":{"x":0.333,"y":0},"i":{"x":0,"y":1},"s":[0],"t":167},{"s":[100],"t":187}],"ix":1},"m":1}],"ind":10},{"ty":4,"nm":"Tracos 3","sr":1,"st":0,"op":300,"ip":0,"hd":false,"ddd":0,"bm":0,"hasMask":false,"ao":0,"ks":{"a":{"a":0,"k":[-24.727,334.38,0],"ix":1},"s":{"a":0,"k":[100,150,100],"ix":6},"sk":{"a":0,"k":0},"p":{"a":0,"k":[747,748.52,0],"ix":2},"r":{"a":0,"k":420,"ix":10},"sa":{"a":0,"k":0},"o":{"a":0,"k":100,"ix":11}},"ef":[],"shapes":[{"ty":"gr","bm":0,"hd":false,"mn":"ADBE Vector Group","nm":"Shape","ix":1,"cix":2,"np":3,"it":[{"ty":"sh","bm":0,"hd":false,"mn":"ADBE Vector Shape - Group","nm":"Caminho 1","ix":1,"d":1,"ks":{"a":0,"k":{"c":false,"i":[[0,0],[0,0]],"o":[[0,0],[0,0]],"v":[[-17,5],[-17,-124]]},"ix":2}},{"ty":"st","bm":10,"hd":false,"mn":"ADBE Vector Graphic - Stroke","nm":"TraÃÂ§ado 1","lc":2,"lj":1,"ml":4,"o":{"a":0,"k":100,"ix":4},"w":{"a":0,"k":15,"ix":5},"c":{"a":0,"k":[0.4706,0.8784,0.5608],"ix":3}},{"ty":"tr","a":{"a":0,"k":[0,0],"ix":1},"s":{"a":0,"k":[100,100],"ix":3},"sk":{"a":0,"k":0,"ix":4},"p":{"a":0,"k":[0,0],"ix":2},"r":{"a":0,"k":0,"ix":6},"sa":{"a":0,"k":0,"ix":5},"o":{"a":0,"k":100,"ix":7}}]},{"ty":"tm","bm":0,"hd":false,"mn":"ADBE Vector Filter - Trim","nm":"Trim Patchs","ix":2,"e":{"a":1,"k":[{"o":{"x":0.333,"y":0},"i":{"x":0,"y":1},"s":[0],"t":161},{"s":[100],"t":181}],"ix":2},"o":{"a":0,"k":0,"ix":3},"s":{"a":1,"k":[{"o":{"x":0.333,"y":0},"i":{"x":0,"y":1},"s":[0],"t":167},{"s":[100],"t":187}],"ix":1},"m":1}],"ind":11},{"ty":4,"nm":"Tracos 2","sr":1,"st":0,"op":300,"ip":0,"hd":false,"ddd":0,"bm":0,"hasMask":false,"ao":0,"ks":{"a":{"a":0,"k":[-24.727,334.38,0],"ix":1},"s":{"a":0,"k":[100,150,100],"ix":6},"sk":{"a":0,"k":0},"p":{"a":0,"k":[747,748.52,0],"ix":2},"r":{"a":0,"k":390,"ix":10},"sa":{"a":0,"k":0},"o":{"a":0,"k":100,"ix":11}},"ef":[],"shapes":[{"ty":"gr","bm":0,"hd":false,"mn":"ADBE Vector Group","nm":"Shape","ix":1,"cix":2,"np":3,"it":[{"ty":"sh","bm":0,"hd":false,"mn":"ADBE Vector Shape - Group","nm":"Caminho 1","ix":1,"d":1,"ks":{"a":0,"k":{"c":false,"i":[[0,0],[0,0]],"o":[[0,0],[0,0]],"v":[[-17,5],[-17,-124]]},"ix":2}},{"ty":"st","bm":10,"hd":false,"mn":"ADBE Vector Graphic - Stroke","nm":"TraÃÂ§ado 1","lc":2,"lj":1,"ml":4,"o":{"a":0,"k":100,"ix":4},"w":{"a":0,"k":15,"ix":5},"c":{"a":0,"k":[0.4706,0.8784,0.5608],"ix":3}},{"ty":"tr","a":{"a":0,"k":[0,0],"ix":1},"s":{"a":0,"k":[100,100],"ix":3},"sk":{"a":0,"k":0,"ix":4},"p":{"a":0,"k":[0,0],"ix":2},"r":{"a":0,"k":0,"ix":6},"sa":{"a":0,"k":0,"ix":5},"o":{"a":0,"k":100,"ix":7}}]},{"ty":"tm","bm":0,"hd":false,"mn":"ADBE Vector Filter - Trim","nm":"Trim Patchs","ix":2,"e":{"a":1,"k":[{"o":{"x":0.333,"y":0},"i":{"x":0,"y":1},"s":[0],"t":161},{"s":[100],"t":181}],"ix":2},"o":{"a":0,"k":0,"ix":3},"s":{"a":1,"k":[{"o":{"x":0.333,"y":0},"i":{"x":0,"y":1},"s":[0],"t":167},{"s":[100],"t":187}],"ix":1},"m":1}],"ind":12},{"ty":4,"nm":"Tracos","sr":1,"st":0,"op":300,"ip":0,"hd":false,"ddd":0,"bm":0,"hasMask":false,"ao":0,"ks":{"a":{"a":0,"k":[-24.727,334.38,0],"ix":1},"s":{"a":0,"k":[100,150,100],"ix":6},"sk":{"a":0,"k":0},"p":{"a":0,"k":[747,748.52,0],"ix":2},"r":{"a":0,"k":360,"ix":10},"sa":{"a":0,"k":0},"o":{"a":0,"k":100,"ix":11}},"ef":[],"shapes":[{"ty":"gr","bm":0,"hd":false,"mn":"ADBE Vector Group","nm":"Shape","ix":1,"cix":2,"np":3,"it":[{"ty":"sh","bm":0,"hd":false,"mn":"ADBE Vector Shape - Group","nm":"Caminho 1","ix":1,"d":1,"ks":{"a":0,"k":{"c":false,"i":[[0,0],[0,0]],"o":[[0,0],[0,0]],"v":[[-17,5],[-17,-124]]},"ix":2}},{"ty":"st","bm":10,"hd":false,"mn":"ADBE Vector Graphic - Stroke","nm":"TraÃÂ§ado 1","lc":2,"lj":1,"ml":4,"o":{"a":0,"k":100,"ix":4},"w":{"a":0,"k":15,"ix":5},"c":{"a":0,"k":[0.4706,0.8784,0.5608],"ix":3}},{"ty":"tr","a":{"a":0,"k":[0,0],"ix":1},"s":{"a":0,"k":[100,100],"ix":3},"sk":{"a":0,"k":0,"ix":4},"p":{"a":0,"k":[0,0],"ix":2},"r":{"a":0,"k":0,"ix":6},"sa":{"a":0,"k":0,"ix":5},"o":{"a":0,"k":100,"ix":7}}]},{"ty":"tm","bm":0,"hd":false,"mn":"ADBE Vector Filter - Trim","nm":"Trim Patchs","ix":2,"e":{"a":1,"k":[{"o":{"x":0.333,"y":0},"i":{"x":0,"y":1},"s":[0],"t":161},{"s":[100],"t":181}],"ix":2},"o":{"a":0,"k":0,"ix":3},"s":{"a":1,"k":[{"o":{"x":0.333,"y":0},"i":{"x":0,"y":1},"s":[0],"t":167},{"s":[100],"t":187}],"ix":1},"m":1}],"ind":13},{"ty":4,"nm":"Ellipse Success","sr":1,"st":0,"op":300,"ip":0,"hd":false,"ddd":0,"bm":0,"hasMask":false,"ao":0,"ks":{"a":{"a":0,"k":[15,-11,0],"ix":1},"s":{"a":0,"k":[100,100,100],"ix":6},"sk":{"a":0,"k":0},"p":{"a":0,"k":[750,750,0],"ix":2},"r":{"a":0,"k":0,"ix":10},"sa":{"a":0,"k":0},"o":{"a":0,"k":100,"ix":11}},"ef":[],"shapes":[{"ty":"gr","bm":0,"hd":false,"mn":"ADBE Vector Group","nm":"Elipse 1","ix":1,"cix":2,"np":3,"it":[{"ty":"el","bm":0,"hd":false,"mn":"ADBE Vector Shape - Ellipse","nm":"Caminho da elipse 1","d":1,"p":{"a":0,"k":[0,0],"ix":3},"s":{"a":1,"k":[{"o":{"x":0.333,"y":0},"i":{"x":0,"y":1},"s":[400,400],"t":25},{"o":{"x":0.333,"y":0},"i":{"x":0,"y":1},"s":[300,300],"t":35},{"s":[400,400],"t":53}],"ix":2}},{"ty":"st","bm":10,"hd":false,"mn":"ADBE Vector Graphic - Stroke","nm":"TraÃÂ§ado 1","lc":1,"lj":1,"ml":4,"o":{"a":0,"k":0,"ix":4},"w":{"a":0,"k":8,"ix":5},"c":{"a":0,"k":[0.4706,0.8784,0.5608],"ix":3}},{"ty":"tr","a":{"a":0,"k":[0,0],"ix":1},"s":{"a":0,"k":[100,100],"ix":3},"sk":{"a":0,"k":0,"ix":4},"p":{"a":0,"k":[15,-11],"ix":2},"r":{"a":0,"k":0,"ix":6},"sa":{"a":0,"k":0,"ix":5},"o":{"a":0,"k":100,"ix":7}}]},{"ty":"tm","bm":0,"hd":false,"mn":"ADBE Vector Filter - Trim","nm":"Trim","ix":2,"e":{"a":1,"k":[{"o":{"x":0.333,"y":0},"i":{"x":0,"y":1},"s":[0],"t":0},{"s":[100],"t":25}],"ix":2},"o":{"a":0,"k":0,"ix":3},"s":{"a":0,"k":0,"ix":1},"m":1},{"ty":"st","bm":10,"hd":false,"mn":"ADBE Vector Graphic - Stroke","nm":"Borda","lc":2,"lj":1,"ml":4,"o":{"a":0,"k":0,"ix":4},"w":{"a":0,"k":8,"ix":5},"c":{"a":0,"k":[0,0,0],"ix":3}}],"ind":14},{"ty":4,"nm":"Ellipse Expand","sr":1,"st":0,"op":300,"ip":0,"hd":false,"ddd":0,"bm":0,"hasMask":false,"ao":0,"ks":{"a":{"a":0,"k":[15,-11,0],"ix":1},"s":{"a":0,"k":[100,100,100],"ix":6},"sk":{"a":0,"k":0},"p":{"a":0,"k":[750,750,0],"ix":2},"r":{"a":0,"k":0,"ix":10},"sa":{"a":0,"k":0},"o":{"a":0,"k":100,"ix":11}},"ef":[],"shapes":[{"ty":"gr","bm":0,"hd":false,"mn":"ADBE Vector Group","nm":"Elipse 1","ix":1,"cix":2,"np":3,"it":[{"ty":"el","bm":0,"hd":false,"mn":"ADBE Vector Shape - Ellipse","nm":"Caminho da elipse 1","d":1,"p":{"a":0,"k":[0,0],"ix":3},"s":{"a":1,"k":[{"o":{"x":0.333,"y":0},"i":{"x":0,"y":1},"s":[100,100],"t":150},{"s":[899,899],"t":181}],"ix":2}},{"ty":"fl","bm":0,"hd":false,"mn":"ADBE Vector Graphic - Fill","nm":"Preenchimento 1","c":{"a":0,"k":[0.4706,0.8784,0.5608],"ix":4},"r":1,"o":{"a":1,"k":[{"o":{"x":0.333,"y":0},"i":{"x":0,"y":1},"s":[0],"t":150},{"s":[100],"t":181}],"ix":5}},{"ty":"tr","a":{"a":0,"k":[0,0],"ix":1},"s":{"a":0,"k":[100,100],"ix":3},"sk":{"a":0,"k":0,"ix":4},"p":{"a":0,"k":[15,-11],"ix":2},"r":{"a":0,"k":0,"ix":6},"sa":{"a":0,"k":0,"ix":5},"o":{"a":0,"k":100,"ix":7}}]}],"ind":15},{"ty":4,"nm":"Ellipse Initial","sr":1,"st":91,"op":391,"ip":91,"hd":false,"ddd":0,"bm":0,"hasMask":false,"ao":0,"ks":{"a":{"a":0,"k":[15,-11,0],"ix":1},"s":{"a":0,"k":[100,100,100],"ix":6},"sk":{"a":0,"k":0},"p":{"a":0,"k":[750,750,0],"ix":2},"r":{"a":0,"k":0,"ix":10},"sa":{"a":0,"k":0},"o":{"a":0,"k":100,"ix":11}},"ef":[],"shapes":[{"ty":"gr","bm":0,"hd":false,"mn":"ADBE Vector Group","nm":"Elipse 1","ix":1,"cix":2,"np":3,"it":[{"ty":"el","bm":0,"hd":false,"mn":"ADBE Vector Shape - Ellipse","nm":"Caminho da elipse 1","d":1,"p":{"a":0,"k":[0,0],"ix":3},"s":{"a":1,"k":[{"o":{"x":0.333,"y":0},"i":{"x":0,"y":1},"s":[900,900],"t":137},{"o":{"x":0.333,"y":0},"i":{"x":0,"y":1},"s":[700,700],"t":150},{"s":[900,900],"t":181}],"ix":2}},{"ty":"st","bm":10,"hd":false,"mn":"ADBE Vector Graphic - Stroke","nm":"TraÃÂ§ado 1","lc":2,"lj":1,"ml":4,"o":{"a":0,"k":100,"ix":4},"w":{"a":0,"k":50,"ix":5},"c":{"a":0,"k":[0.4706,0.8784,0.5608],"ix":3}},{"ty":"tr","a":{"a":0,"k":[0,0],"ix":1},"s":{"a":0,"k":[100,100],"ix":3},"sk":{"a":0,"k":0,"ix":4},"p":{"a":0,"k":[15,-11],"ix":2},"r":{"a":0,"k":0,"ix":6},"sa":{"a":0,"k":0,"ix":5},"o":{"a":0,"k":100,"ix":7}}]},{"ty":"tm","bm":0,"hd":false,"mn":"ADBE Vector Filter - Trim","nm":"Trim","ix":2,"e":{"a":1,"k":[{"o":{"x":0.333,"y":0},"i":{"x":0,"y":1},"s":[0.1],"t":91},{"s":[100],"t":137}],"ix":2},"o":{"a":0,"k":0,"ix":3},"s":{"a":0,"k":0,"ix":1},"m":1},{"ty":"st","bm":10,"hd":false,"mn":"ADBE Vector Graphic - Stroke","nm":"Borda","lc":2,"lj":1,"ml":4,"o":{"a":0,"k":0,"ix":4},"w":{"a":0,"k":50,"ix":5},"c":{"a":0,"k":[0.4706,0.8784,0.5608],"ix":3}}],"ind":16},{"ty":4,"nm":"Initial Loading","sr":1,"st":0,"op":91,"ip":0,"hd":false,"ddd":0,"bm":0,"hasMask":false,"ao":0,"ks":{"a":{"a":0,"k":[15,-11,0],"ix":1},"s":{"a":0,"k":[100,100,100],"ix":6},"sk":{"a":0,"k":0},"p":{"a":0,"k":[750,750,0],"ix":2},"r":{"a":0,"k":0,"ix":10},"sa":{"a":0,"k":0},"o":{"a":0,"k":100,"ix":11}},"ef":[],"shapes":[{"ty":"gr","bm":0,"hd":false,"mn":"ADBE Vector Group","nm":"Elipse 1","ix":1,"cix":2,"np":3,"it":[{"ty":"el","bm":0,"hd":false,"mn":"ADBE Vector Shape - Ellipse","nm":"Caminho da elipse 1","d":1,"p":{"a":0,"k":[0,0],"ix":3},"s":{"a":0,"k":[900,900],"ix":2}},{"ty":"st","bm":10,"hd":false,"mn":"ADBE Vector Graphic - Stroke","nm":"TraÃÂ§ado 1","lc":2,"lj":1,"ml":4,"o":{"a":0,"k":100,"ix":4},"w":{"a":0,"k":50,"ix":5},"c":{"a":0,"k":[1,0.4118,0.4784],"ix":3}},{"ty":"tr","a":{"a":0,"k":[0,0],"ix":1},"s":{"a":0,"k":[100,100],"ix":3},"sk":{"a":0,"k":0,"ix":4},"p":{"a":0,"k":[15,-11],"ix":2},"r":{"a":0,"k":0,"ix":6},"sa":{"a":0,"k":0,"ix":5},"o":{"a":0,"k":100,"ix":7}}]},{"ty":"tm","bm":0,"hd":false,"mn":"ADBE Vector Filter - Trim","nm":"Trim","ix":2,"e":{"a":1,"k":[{"o":{"x":0.333,"y":0},"i":{"x":0,"y":1},"s":[0.1],"t":0},{"s":[100],"t":86}],"ix":2},"o":{"a":0,"k":0,"ix":3},"s":{"a":1,"k":[{"o":{"x":0.333,"y":0},"i":{"x":0,"y":1},"s":[0],"t":22},{"s":[99.9],"t":90}],"ix":1},"m":1},{"ty":"st","bm":10,"hd":false,"mn":"ADBE Vector Graphic - Stroke","nm":"Borda","lc":2,"lj":1,"ml":4,"o":{"a":0,"k":0,"ix":4},"w":{"a":0,"k":50,"ix":5},"c":{"a":0,"k":[1,0.4118,0.4784],"ix":3}}],"ind":17}],"v":"5.6.10","fr":60,"op":211,"ip":0,"assets":[]}