{"v":"5.7.11","fr":24,"ip":0,"op":28,"w":50,"h":50,"nm":"discount","ddd":0,"assets":[],"layers":[{"ddd":0,"ind":1,"ty":4,"nm":"Percent","sr":1,"ks":{"o":{"a":0,"k":100,"ix":11},"r":{"a":0,"k":0,"ix":10},"p":{"a":0,"k":[25,25,0],"ix":2,"l":2},"a":{"a":0,"k":[25,25,0],"ix":1,"l":2},"s":{"a":1,"k":[{"i":{"x":[0.667,0.667,0.667],"y":[1,1,1]},"o":{"x":[0.333,0.333,0.333],"y":[0,0,0]},"t":0,"s":[100,100,100]},{"i":{"x":[0.667,0.667,0.667],"y":[1,1,1]},"o":{"x":[0.333,0.333,0.333],"y":[0,0,0]},"t":14,"s":[75,75,100]},{"t":28,"s":[100,100,100]}],"ix":6,"l":2}},"ao":0,"shapes":[{"ty":"gr","it":[{"ind":0,"ty":"sh","ix":1,"ks":{"a":0,"k":{"i":[[0,0],[-0.301,0],[0,0],[0,-0.1],[0,0],[0.2,0],[0,0],[-0.1,0.1]],"o":[[0.1,-0.2],[0,0],[0.201,0],[0,0],[-0.1,0.201],[0,0],[-0.199,0],[0,0]],"v":[[4.9,-10.7],[5.4,-11],[6.799,-11],[7,-10.7],[-4.9,10.7],[-5.3,11],[-6.701,11],[-6.9,10.7]],"c":true},"ix":2},"nm":"Path 1","mn":"ADBE Vector Shape - Group","hd":false},{"ty":"fl","c":{"a":0,"k":[0,0,0,1],"ix":4},"o":{"a":0,"k":100,"ix":5},"r":1,"bm":0,"nm":"Fill 1","mn":"ADBE Vector Graphic - Fill","hd":false},{"ty":"tr","p":{"a":0,"k":[25,25],"ix":2},"a":{"a":0,"k":[0,0],"ix":1},"s":{"a":0,"k":[100,100],"ix":3},"r":{"a":0,"k":0,"ix":6},"o":{"a":0,"k":100,"ix":7},"sk":{"a":0,"k":0,"ix":4},"sa":{"a":0,"k":0,"ix":5},"nm":"Transform"}],"nm":"Group 1","np":2,"cix":2,"bm":0,"ix":1,"mn":"ADBE Vector Group","hd":false},{"ty":"gr","it":[{"ind":0,"ty":"sh","ix":1,"ks":{"a":0,"k":{"i":[[0,-0.3],[0.7,0],[0.2,0.6],[0,1.8],[0,0.3],[-0.701,0],[-0.2,-0.6],[0,-1.9]],"o":[[-0.2,0.7],[-0.701,0],[-0.099,-0.3],[0,-1.9],[0.2,-0.7],[0.7,0],[0.1,0.3],[0,1.8]],"v":[[1.4,2.5],[0,3.5],[-1.401,2.5],[-1.5,0.1],[-1.401,-2.4],[0,-3.4],[1.4,-2.4],[1.5,0.1]],"c":true},"ix":2},"nm":"Path 1","mn":"ADBE Vector Shape - Group","hd":false},{"ind":1,"ty":"sh","ix":2,"ks":{"a":0,"k":{"i":[[0.101,0.5],[1.599,0],[0.5,-1.5],[0,-2.2],[-0.101,-0.5],[-1.6,0],[-0.5,1.5],[0,2.2]],"o":[[-0.5,-1.4],[-1.6,0],[-0.2,0.6],[0,2.2],[0.5,1.4],[1.599,0],[0.201,-0.6],[0,-2.2]],"v":[[3.299,-3.1],[0,-5.5],[-3.3,-3.1],[-3.5,0],[-3.3,3.1],[0,5.5],[3.299,3.1],[3.5,0]],"c":true},"ix":2},"nm":"Path 2","mn":"ADBE Vector Shape - Group","hd":false},{"ty":"mm","mm":1,"nm":"Merge Paths 1","mn":"ADBE Vector Filter - Merge","hd":false},{"ty":"fl","c":{"a":0,"k":[0,0,0,1],"ix":4},"o":{"a":0,"k":100,"ix":5},"r":1,"bm":0,"nm":"Fill 1","mn":"ADBE Vector Graphic - Fill","hd":false},{"ty":"tr","p":{"a":0,"k":[30.5,30.5],"ix":2},"a":{"a":0,"k":[0,0],"ix":1},"s":{"a":0,"k":[100,100],"ix":3},"r":{"a":0,"k":0,"ix":6},"o":{"a":0,"k":100,"ix":7},"sk":{"a":0,"k":0,"ix":4},"sa":{"a":0,"k":0,"ix":5},"nm":"Transform"}],"nm":"Group 2","np":4,"cix":2,"bm":0,"ix":2,"mn":"ADBE Vector Group","hd":false},{"ty":"gr","it":[{"ind":0,"ty":"sh","ix":1,"ks":{"a":0,"k":{"i":[[0,-0.3],[0.7,0],[0.2,0.6],[0,1.8],[0,0.3],[-0.7,0],[-0.2,-0.6],[0,-1.9]],"o":[[-0.2,0.7],[-0.7,0],[-0.1,-0.3],[0,-1.9],[0.2,-0.7],[0.7,0],[0.1,0.3],[0,1.8]],"v":[[1.4,2.5],[0,3.5],[-1.4,2.5],[-1.5,0.1],[-1.4,-2.4],[0,-3.4],[1.4,-2.4],[1.5,0.1]],"c":true},"ix":2},"nm":"Path 1","mn":"ADBE Vector Shape - Group","hd":false},{"ind":1,"ty":"sh","ix":2,"ks":{"a":0,"k":{"i":[[0.1,0.5],[1.6,0],[0.5,-1.5],[0,-2.2],[-0.1,-0.5],[-1.6,0],[-0.5,1.5],[0,2.2]],"o":[[-0.5,-1.4],[-1.6,0],[-0.2,0.6],[0,2.2],[0.5,1.4],[1.6,0],[0.2,-0.6],[0,-2.2]],"v":[[3.3,-3.1],[0,-5.5],[-3.3,-3.1],[-3.5,0],[-3.3,3.1],[0,5.5],[3.3,3.1],[3.5,0]],"c":true},"ix":2},"nm":"Path 2","mn":"ADBE Vector Shape - Group","hd":false},{"ty":"mm","mm":1,"nm":"Merge Paths 1","mn":"ADBE Vector Filter - Merge","hd":false},{"ty":"fl","c":{"a":0,"k":[0,0,0,1],"ix":4},"o":{"a":0,"k":100,"ix":5},"r":1,"bm":0,"nm":"Fill 1","mn":"ADBE Vector Graphic - Fill","hd":false},{"ty":"tr","p":{"a":0,"k":[19.5,19.5],"ix":2},"a":{"a":0,"k":[0,0],"ix":1},"s":{"a":0,"k":[100,100],"ix":3},"r":{"a":0,"k":0,"ix":6},"o":{"a":0,"k":100,"ix":7},"sk":{"a":0,"k":0,"ix":4},"sa":{"a":0,"k":0,"ix":5},"nm":"Transform"}],"nm":"Group 3","np":4,"cix":2,"bm":0,"ix":3,"mn":"ADBE Vector Group","hd":false}],"ip":0,"op":28,"st":0,"bm":0},{"ddd":0,"ind":2,"ty":4,"nm":"Base","sr":1,"ks":{"o":{"a":0,"k":100,"ix":11},"r":{"a":0,"k":0,"ix":10},"p":{"a":0,"k":[24.954,25.012,0],"ix":2,"l":2},"a":{"a":0,"k":[-0.046,0.012,0],"ix":1,"l":2},"s":{"a":0,"k":[100,100,100],"ix":6,"l":2}},"ao":0,"shapes":[{"ty":"gr","it":[{"ind":0,"ty":"sh","ix":1,"ks":{"a":1,"k":[{"i":{"x":0.667,"y":1},"o":{"x":0.333,"y":0},"t":0,"s":[{"i":[[0.481,-0.46],[0,0],[0,0],[0.639,-0.185],[0,0],[0,0],[0.648,0.139],[0,0],[0,0],[0.315,0],[0.257,0.211],[0,0],[0,0],[0.262,0.612],[0,0],[0,0],[-0.054,0.663],[0,0],[0,0],[-0.355,0.56],[0,0],[0,0],[-0.575,0.331],[0,0],[0,0],[-0.664,0.027],[0,0],[0,0],[-0.598,-0.286],[0,0],[0,0],[-0.399,-0.532],[0,0],[0,0],[-0.109,-0.656],[0,0],[0,0],[0.208,-0.63],[0,0],[0,0]],"o":[[0,0],[0,0],[0.054,0.664],[0,0],[0,0],[-0.261,0.613],[0,0],[0,0],[-0.257,0.211],[-0.315,0],[0,0],[0,0],[-0.649,0.14],[0,0],[0,0],[-0.637,-0.186],[0,0],[0,0],[-0.481,-0.46],[0,0],[0,0],[-0.21,-0.63],[0,0],[0,0],[0.106,-0.657],[0,0],[0,0],[0.401,-0.531],[0,0],[0,0],[0.597,-0.287],[0,0],[0,0],[0.664,0.027],[0,0],[0,0],[0.575,0.331],[0,0],[0,0],[0.355,0.56]],"v":[[-3.284,-21.624],[-6.803,-18.25],[-6.406,-13.39],[-7.41,-11.934],[-12.094,-10.584],[-13.999,-6.097],[-15.565,-5.274],[-20.345,-6.253],[-24.117,-3.166],[-25.002,-2.849],[-25.887,-3.165],[-29.658,-6.252],[-34.439,-5.273],[-36.005,-6.096],[-37.91,-10.583],[-42.594,-11.933],[-43.598,-13.389],[-43.201,-18.249],[-46.72,-21.623],[-46.934,-23.378],[-44.323,-27.496],[-45.874,-32.12],[-45.245,-33.773],[-41.02,-36.21],[-40.243,-41.023],[-38.92,-42.197],[-34.048,-42.389],[-31.124,-46.29],[-29.406,-46.713],[-25.003,-44.618],[-20.6,-46.713],[-18.882,-46.29],[-15.957,-42.389],[-11.085,-42.197],[-9.76,-41.024],[-8.983,-36.212],[-4.758,-33.775],[-4.129,-32.122],[-5.679,-27.498],[-3.069,-23.38]],"c":true}]},{"t":28,"s":[{"i":[[0.515,0.421],[0,0],[0,0],[0.261,0.612],[0,0],[0,0],[-0.059,0.66],[0,0],[0,0],[0.038,0.313],[-0.178,0.281],[0,0],[0,0],[-0.576,0.335],[0,0],[0,0],[-0.665,0.027],[0,0],[0,0],[-0.599,-0.284],[0,0],[0,0],[-0.399,-0.53],[0,0],[0,0],[-0.108,-0.656],[0,0],[0,0],[0.211,-0.628],[0,0],[0,0],[0.479,-0.461],[0,0],[0,0],[0.638,-0.188],[0,0],[0,0],[0.651,0.13],[0,0],[0,0]],"o":[[0,0],[0,0],[-0.652,0.135],[0,0],[0,0],[-0.64,-0.184],[0,0],[0,0],[-0.241,-0.229],[-0.038,-0.313],[0,0],[0,0],[-0.218,-0.627],[0,0],[0,0],[0.107,-0.655],[0,0],[0,0],[0.398,-0.534],[0,0],[0,0],[0.6,-0.285],[0,0],[0,0],[0.665,0.025],[0,0],[0,0],[0.576,0.333],[0,0],[0,0],[0.358,0.558],[0,0],[0,0],[0.054,0.662],[0,0],[0,0],[-0.258,0.611],[0,0],[0,0],[-0.512,0.421]],"v":[[-25.916,-3.217],[-29.694,-6.298],[-34.469,-5.312],[-36.037,-6.131],[-37.947,-10.616],[-42.633,-11.96],[-43.641,-13.414],[-43.252,-18.278],[-46.775,-21.645],[-47.198,-22.485],[-46.992,-23.402],[-44.387,-27.521],[-45.942,-32.147],[-45.316,-33.802],[-41.094,-36.239],[-40.325,-41.053],[-39.002,-42.227],[-34.13,-42.425],[-31.21,-46.329],[-29.494,-46.755],[-25.089,-44.666],[-20.688,-46.768],[-18.971,-46.346],[-16.037,-42.449],[-11.166,-42.264],[-9.839,-41.094],[-9.055,-36.282],[-4.827,-33.855],[-4.197,-32.202],[-5.74,-27.576],[-3.124,-23.461],[-3.335,-21.704],[-6.85,-18.326],[-6.447,-13.467],[-7.45,-12.009],[-12.131,-10.651],[-14.035,-6.161],[-15.599,-5.335],[-20.378,-6.31],[-24.147,-3.217]],"c":true}]}],"ix":2},"nm":"Path 1","mn":"ADBE Vector Shape - Group","hd":false},{"ty":"st","c":{"a":0,"k":[0,0,0,1],"ix":3},"o":{"a":0,"k":100,"ix":4},"w":{"a":0,"k":1.937,"ix":5},"lc":2,"lj":1,"ml":10,"bm":0,"nm":"Stroke 1","mn":"ADBE Vector Graphic - Stroke","hd":false},{"ty":"tr","p":{"a":0,"k":[25.001,24.925],"ix":2},"a":{"a":0,"k":[0,0],"ix":1},"s":{"a":0,"k":[100,100],"ix":3},"r":{"a":0,"k":0,"ix":6},"o":{"a":0,"k":100,"ix":7},"sk":{"a":0,"k":0,"ix":4},"sa":{"a":0,"k":0,"ix":5},"nm":"Transform"}],"nm":"Group 1","np":2,"cix":2,"bm":0,"ix":1,"mn":"ADBE Vector Group","hd":false}],"ip":0,"op":28,"st":0,"bm":0}],"markers":[]}