{"v":"5.7.5","fr":29.9700012207031,"ip":0,"op":150.000006109625,"w":350,"h":250,"nm":"Heart Empty State","ddd":0,"assets":[],"layers":[{"ddd":0,"ind":1,"ty":3,"nm":"pehla 2","sr":1,"ks":{"o":{"a":0,"k":0,"ix":11},"r":{"a":0,"k":-3,"ix":10},"p":{"a":0,"k":[35.573,102.657,0],"ix":2,"l":2},"a":{"a":0,"k":[51.882,50.843,0],"ix":1,"l":2},"s":{"a":0,"k":[-82,82,100],"ix":6,"l":2}},"ao":0,"ip":33.0000013441176,"op":58.0000023623884,"st":33.0000013441176,"bm":0},{"ddd":0,"ind":2,"ty":4,"nm":"Red Heart 7","parent":1,"sr":1,"ks":{"o":{"a":1,"k":[{"i":{"x":[0.667],"y":[1]},"o":{"x":[0.167],"y":[0]},"t":43,"s":[100]},{"i":{"x":[0.667],"y":[1]},"o":{"x":[0.333],"y":[0]},"t":50,"s":[100]},{"t":57.0000023216576,"s":[0]}],"ix":11},"r":{"a":0,"k":-12,"ix":10},"p":{"a":1,"k":[{"i":{"x":0.667,"y":1},"o":{"x":0.333,"y":0},"t":43,"s":[24.568,141.017,0],"to":[41.5,-90.667,0],"ti":[-21,79.667,0]},{"t":57.0000023216576,"s":[24.568,-43.983,0]}],"ix":2,"l":2},"a":{"a":0,"k":[100.25,92.943,0],"ix":1,"l":2},"s":{"a":0,"k":[15,15,100],"ix":6,"l":2}},"ao":0,"shapes":[{"ty":"gr","it":[{"ind":0,"ty":"sh","ix":1,"ks":{"a":0,"k":{"i":[[-2.825,0],[-3.8,2.435],[0,41.792],[31.466,0],[8.67,-15.976],[19.581,0],[0,-37.019],[-53.969,-35.071]],"o":[[2.923,0],[53.97,-35.071],[0,-37.019],[-19.679,0],[-8.475,-15.879],[-31.564,0],[0,41.792],[3.702,2.435]],"v":[[-0.049,92.693],[10.96,87.921],[100,-30.248],[42.718,-92.693],[-0.049,-65.904],[-42.718,-92.693],[-100,-30.248],[-10.96,87.921]],"c":true},"ix":2},"nm":"Path 1","mn":"ADBE Vector Shape - Group","hd":false},{"ty":"fl","c":{"a":0,"k":[0.9921568627450981,0.9411764705882353,0.8705882352941177,1],"ix":4},"o":{"a":0,"k":100,"ix":5},"r":1,"bm":0,"nm":"Fill 1","mn":"ADBE Vector Graphic - Fill","hd":false},{"ty":"tr","p":{"a":0,"k":[100.25,92.944],"ix":2},"a":{"a":0,"k":[0,0],"ix":1},"s":{"a":0,"k":[100,100],"ix":3},"r":{"a":0,"k":0,"ix":6},"o":{"a":0,"k":100,"ix":7},"sk":{"a":0,"k":0,"ix":4},"sa":{"a":0,"k":0,"ix":5},"nm":"Transform"}],"nm":"Group 1","np":2,"cix":2,"bm":0,"ix":1,"mn":"ADBE Vector Group","hd":false}],"ip":43.0000017514259,"op":57.0000023216576,"st":35.0000014255792,"bm":0},{"ddd":0,"ind":3,"ty":4,"nm":"Red Heart 6","parent":1,"sr":1,"ks":{"o":{"a":1,"k":[{"i":{"x":[0.667],"y":[1]},"o":{"x":[0.167],"y":[0]},"t":40,"s":[100]},{"i":{"x":[0.667],"y":[1]},"o":{"x":[0.333],"y":[0]},"t":47,"s":[100]},{"t":54.0000021994651,"s":[0]}],"ix":11},"r":{"a":0,"k":0,"ix":10},"p":{"a":1,"k":[{"i":{"x":0.667,"y":1},"o":{"x":0.333,"y":0},"t":40,"s":[51.016,125.433,0],"to":[28.478,-95.56,0],"ti":[-9.708,81.814,0]},{"t":54.0000021994651,"s":[25.269,-57.767,0]}],"ix":2,"l":2},"a":{"a":0,"k":[100.25,92.943,0],"ix":1,"l":2},"s":{"a":0,"k":[15,15,100],"ix":6,"l":2}},"ao":0,"shapes":[{"ty":"gr","it":[{"ind":0,"ty":"sh","ix":1,"ks":{"a":0,"k":{"i":[[-2.825,0],[-3.8,2.435],[0,41.792],[31.466,0],[8.67,-15.976],[19.581,0],[0,-37.019],[-53.969,-35.071]],"o":[[2.923,0],[53.97,-35.071],[0,-37.019],[-19.679,0],[-8.475,-15.879],[-31.564,0],[0,41.792],[3.702,2.435]],"v":[[-0.049,92.693],[10.96,87.921],[100,-30.248],[42.718,-92.693],[-0.049,-65.904],[-42.718,-92.693],[-100,-30.248],[-10.96,87.921]],"c":true},"ix":2},"nm":"Path 1","mn":"ADBE Vector Shape - Group","hd":false},{"ty":"fl","c":{"a":0,"k":[0.9921568627450981,0.9411764705882353,0.8705882352941177,1],"ix":4},"o":{"a":0,"k":100,"ix":5},"r":1,"bm":0,"nm":"Fill 1","mn":"ADBE Vector Graphic - Fill","hd":false},{"ty":"tr","p":{"a":0,"k":[100.25,92.944],"ix":2},"a":{"a":0,"k":[0,0],"ix":1},"s":{"a":0,"k":[100,100],"ix":3},"r":{"a":0,"k":0,"ix":6},"o":{"a":0,"k":100,"ix":7},"sk":{"a":0,"k":0,"ix":4},"sa":{"a":0,"k":0,"ix":5},"nm":"Transform"}],"nm":"Group 1","np":2,"cix":2,"bm":0,"ix":1,"mn":"ADBE Vector Group","hd":false}],"ip":40.0000016292334,"op":54.0000021994651,"st":32.0000013033867,"bm":0},{"ddd":0,"ind":4,"ty":4,"nm":"Red Heart 5","parent":1,"sr":1,"ks":{"o":{"a":1,"k":[{"i":{"x":[0.667],"y":[1]},"o":{"x":[0.167],"y":[0]},"t":37,"s":[100]},{"i":{"x":[0.667],"y":[1]},"o":{"x":[0.333],"y":[0]},"t":44,"s":[100]},{"t":51.0000020772726,"s":[0]}],"ix":11},"r":{"a":0,"k":-20,"ix":10},"p":{"a":1,"k":[{"i":{"x":0.667,"y":1},"o":{"x":0.333,"y":0},"t":37,"s":[34.94,123.386,0],"to":[28.478,-95.56,0],"ti":[-9.708,81.814,0]},{"t":51.0000020772726,"s":[9.193,-59.814,0]}],"ix":2,"l":2},"a":{"a":0,"k":[100.25,92.943,0],"ix":1,"l":2},"s":{"a":0,"k":[15,15,100],"ix":6,"l":2}},"ao":0,"shapes":[{"ty":"gr","it":[{"ind":0,"ty":"sh","ix":1,"ks":{"a":0,"k":{"i":[[-2.825,0],[-3.8,2.435],[0,41.792],[31.466,0],[8.67,-15.976],[19.581,0],[0,-37.019],[-53.969,-35.071]],"o":[[2.923,0],[53.97,-35.071],[0,-37.019],[-19.679,0],[-8.475,-15.879],[-31.564,0],[0,41.792],[3.702,2.435]],"v":[[-0.049,92.693],[10.96,87.921],[100,-30.248],[42.718,-92.693],[-0.049,-65.904],[-42.718,-92.693],[-100,-30.248],[-10.96,87.921]],"c":true},"ix":2},"nm":"Path 1","mn":"ADBE Vector Shape - Group","hd":false},{"ty":"fl","c":{"a":0,"k":[0.9921568627450981,0.9411764705882353,0.8705882352941177,1],"ix":4},"o":{"a":0,"k":100,"ix":5},"r":1,"bm":0,"nm":"Fill 1","mn":"ADBE Vector Graphic - Fill","hd":false},{"ty":"tr","p":{"a":0,"k":[100.25,92.944],"ix":2},"a":{"a":0,"k":[0,0],"ix":1},"s":{"a":0,"k":[100,100],"ix":3},"r":{"a":0,"k":0,"ix":6},"o":{"a":0,"k":100,"ix":7},"sk":{"a":0,"k":0,"ix":4},"sa":{"a":0,"k":0,"ix":5},"nm":"Transform"}],"nm":"Group 1","np":2,"cix":2,"bm":0,"ix":1,"mn":"ADBE Vector Group","hd":false}],"ip":37.0000015070409,"op":51.0000020772726,"st":29.0000011811942,"bm":0},{"ddd":0,"ind":5,"ty":3,"nm":"pehla","sr":1,"ks":{"o":{"a":0,"k":0,"ix":11},"r":{"a":0,"k":-3,"ix":10},"p":{"a":0,"k":[313.573,98.657,0],"ix":2,"l":2},"a":{"a":0,"k":[51.882,50.843,0],"ix":1,"l":2},"s":{"a":0,"k":[82,82,100],"ix":6,"l":2}},"ao":0,"ip":28.0000011404634,"op":53.0000021587343,"st":28.0000011404634,"bm":0},{"ddd":0,"ind":6,"ty":4,"nm":"Red Heart 4","parent":5,"sr":1,"ks":{"o":{"a":1,"k":[{"i":{"x":[0.667],"y":[1]},"o":{"x":[0.167],"y":[0]},"t":38,"s":[100]},{"i":{"x":[0.667],"y":[1]},"o":{"x":[0.333],"y":[0]},"t":45,"s":[100]},{"t":52.0000021180034,"s":[0]}],"ix":11},"r":{"a":0,"k":-12,"ix":10},"p":{"a":1,"k":[{"i":{"x":0.667,"y":1},"o":{"x":0.333,"y":0},"t":38,"s":[24.568,141.017,0],"to":[41.5,-90.667,0],"ti":[-21,79.667,0]},{"t":52.0000021180034,"s":[24.568,-43.983,0]}],"ix":2,"l":2},"a":{"a":0,"k":[100.25,92.943,0],"ix":1,"l":2},"s":{"a":0,"k":[15,15,100],"ix":6,"l":2}},"ao":0,"shapes":[{"ty":"gr","it":[{"ind":0,"ty":"sh","ix":1,"ks":{"a":0,"k":{"i":[[-2.825,0],[-3.8,2.435],[0,41.792],[31.466,0],[8.67,-15.976],[19.581,0],[0,-37.019],[-53.969,-35.071]],"o":[[2.923,0],[53.97,-35.071],[0,-37.019],[-19.679,0],[-8.475,-15.879],[-31.564,0],[0,41.792],[3.702,2.435]],"v":[[-0.049,92.693],[10.96,87.921],[100,-30.248],[42.718,-92.693],[-0.049,-65.904],[-42.718,-92.693],[-100,-30.248],[-10.96,87.921]],"c":true},"ix":2},"nm":"Path 1","mn":"ADBE Vector Shape - Group","hd":false},{"ty":"fl","c":{"a":0,"k":[0.9921568627450981,0.9411764705882353,0.8705882352941177,1],"ix":4},"o":{"a":0,"k":100,"ix":5},"r":1,"bm":0,"nm":"Fill 1","mn":"ADBE Vector Graphic - Fill","hd":false},{"ty":"tr","p":{"a":0,"k":[100.25,92.944],"ix":2},"a":{"a":0,"k":[0,0],"ix":1},"s":{"a":0,"k":[100,100],"ix":3},"r":{"a":0,"k":0,"ix":6},"o":{"a":0,"k":100,"ix":7},"sk":{"a":0,"k":0,"ix":4},"sa":{"a":0,"k":0,"ix":5},"nm":"Transform"}],"nm":"Group 1","np":2,"cix":2,"bm":0,"ix":1,"mn":"ADBE Vector Group","hd":false}],"ip":38.0000015477717,"op":52.0000021180034,"st":30.0000012219251,"bm":0},{"ddd":0,"ind":7,"ty":4,"nm":"Red Heart 3","parent":5,"sr":1,"ks":{"o":{"a":1,"k":[{"i":{"x":[0.667],"y":[1]},"o":{"x":[0.167],"y":[0]},"t":35,"s":[100]},{"i":{"x":[0.667],"y":[1]},"o":{"x":[0.333],"y":[0]},"t":42,"s":[100]},{"t":49.0000019958109,"s":[0]}],"ix":11},"r":{"a":0,"k":0,"ix":10},"p":{"a":1,"k":[{"i":{"x":0.667,"y":1},"o":{"x":0.333,"y":0},"t":35,"s":[51.016,125.433,0],"to":[28.478,-95.56,0],"ti":[-9.708,81.814,0]},{"t":49.0000019958109,"s":[25.269,-57.767,0]}],"ix":2,"l":2},"a":{"a":0,"k":[100.25,92.943,0],"ix":1,"l":2},"s":{"a":0,"k":[15,15,100],"ix":6,"l":2}},"ao":0,"shapes":[{"ty":"gr","it":[{"ind":0,"ty":"sh","ix":1,"ks":{"a":0,"k":{"i":[[-2.825,0],[-3.8,2.435],[0,41.792],[31.466,0],[8.67,-15.976],[19.581,0],[0,-37.019],[-53.969,-35.071]],"o":[[2.923,0],[53.97,-35.071],[0,-37.019],[-19.679,0],[-8.475,-15.879],[-31.564,0],[0,41.792],[3.702,2.435]],"v":[[-0.049,92.693],[10.96,87.921],[100,-30.248],[42.718,-92.693],[-0.049,-65.904],[-42.718,-92.693],[-100,-30.248],[-10.96,87.921]],"c":true},"ix":2},"nm":"Path 1","mn":"ADBE Vector Shape - Group","hd":false},{"ty":"fl","c":{"a":0,"k":[0.9921568627450981,0.9411764705882353,0.8705882352941177,1],"ix":4},"o":{"a":0,"k":100,"ix":5},"r":1,"bm":0,"nm":"Fill 1","mn":"ADBE Vector Graphic - Fill","hd":false},{"ty":"tr","p":{"a":0,"k":[100.25,92.944],"ix":2},"a":{"a":0,"k":[0,0],"ix":1},"s":{"a":0,"k":[100,100],"ix":3},"r":{"a":0,"k":0,"ix":6},"o":{"a":0,"k":100,"ix":7},"sk":{"a":0,"k":0,"ix":4},"sa":{"a":0,"k":0,"ix":5},"nm":"Transform"}],"nm":"Group 1","np":2,"cix":2,"bm":0,"ix":1,"mn":"ADBE Vector Group","hd":false}],"ip":35.0000014255792,"op":49.0000019958109,"st":27.0000010997325,"bm":0},{"ddd":0,"ind":8,"ty":4,"nm":"Red Heart 2","parent":5,"sr":1,"ks":{"o":{"a":1,"k":[{"i":{"x":[0.667],"y":[1]},"o":{"x":[0.167],"y":[0]},"t":32,"s":[100]},{"i":{"x":[0.667],"y":[1]},"o":{"x":[0.333],"y":[0]},"t":39,"s":[100]},{"t":46.0000018736184,"s":[0]}],"ix":11},"r":{"a":0,"k":-20,"ix":10},"p":{"a":1,"k":[{"i":{"x":0.667,"y":1},"o":{"x":0.333,"y":0},"t":32,"s":[34.94,123.386,0],"to":[28.478,-95.56,0],"ti":[-9.708,81.814,0]},{"t":46.0000018736184,"s":[9.193,-59.814,0]}],"ix":2,"l":2},"a":{"a":0,"k":[100.25,92.943,0],"ix":1,"l":2},"s":{"a":0,"k":[15,15,100],"ix":6,"l":2}},"ao":0,"shapes":[{"ty":"gr","it":[{"ind":0,"ty":"sh","ix":1,"ks":{"a":0,"k":{"i":[[-2.825,0],[-3.8,2.435],[0,41.792],[31.466,0],[8.67,-15.976],[19.581,0],[0,-37.019],[-53.969,-35.071]],"o":[[2.923,0],[53.97,-35.071],[0,-37.019],[-19.679,0],[-8.475,-15.879],[-31.564,0],[0,41.792],[3.702,2.435]],"v":[[-0.049,92.693],[10.96,87.921],[100,-30.248],[42.718,-92.693],[-0.049,-65.904],[-42.718,-92.693],[-100,-30.248],[-10.96,87.921]],"c":true},"ix":2},"nm":"Path 1","mn":"ADBE Vector Shape - Group","hd":false},{"ty":"fl","c":{"a":0,"k":[0.9921568627450981,0.9411764705882353,0.8705882352941177,1],"ix":4},"o":{"a":0,"k":100,"ix":5},"r":1,"bm":0,"nm":"Fill 1","mn":"ADBE Vector Graphic - Fill","hd":false},{"ty":"tr","p":{"a":0,"k":[100.25,92.944],"ix":2},"a":{"a":0,"k":[0,0],"ix":1},"s":{"a":0,"k":[100,100],"ix":3},"r":{"a":0,"k":0,"ix":6},"o":{"a":0,"k":100,"ix":7},"sk":{"a":0,"k":0,"ix":4},"sa":{"a":0,"k":0,"ix":5},"nm":"Transform"}],"nm":"Group 1","np":2,"cix":2,"bm":0,"ix":1,"mn":"ADBE Vector Group","hd":false}],"ip":32.0000013033867,"op":46.0000018736184,"st":24.00000097754,"bm":0},{"ddd":0,"ind":9,"ty":4,"nm":"frown","parent":10,"sr":1,"ks":{"o":{"a":0,"k":100,"ix":11},"r":{"a":1,"k":[{"i":{"x":[0.667],"y":[1]},"o":{"x":[0.333],"y":[0]},"t":24,"s":[0]},{"t":31.0000012626559,"s":[181]}],"ix":10},"p":{"a":1,"k":[{"i":{"x":0.667,"y":1},"o":{"x":0.333,"y":0},"t":123,"s":[104.5,118.222,0],"to":[0,2.167,0],"ti":[0,-2.167,0]},{"t":127.000005172816,"s":[104.5,131.222,0]}],"ix":2,"l":2},"a":{"a":0,"k":[4,25.222,0],"ix":1,"l":2},"s":{"a":0,"k":[100,100,100],"ix":6,"l":2}},"ao":0,"shapes":[{"ty":"gr","it":[{"ind":0,"ty":"sh","ix":1,"ks":{"a":1,"k":[{"i":{"x":0.667,"y":1},"o":{"x":0.333,"y":0},"t":122,"s":[{"i":[[0,0],[-30.5,-30.5]],"o":[[0,0],[30.5,30.5]],"v":[[-26,32],[34,32]],"c":false}]},{"t":127.000005172816,"s":[{"i":[[0,0],[-32.296,30.379]],"o":[[0,0],[35.304,-33.209]],"v":[[-26,32],[33.981,30.889]],"c":false}]}],"ix":2},"nm":"Path 1","mn":"ADBE Vector Shape - Group","hd":false},{"ty":"st","c":{"a":0,"k":[0.788235294117647,0.6196078431372549,0.45098039215686275,1],"ix":3},"o":{"a":0,"k":100,"ix":4},"w":{"a":0,"k":4,"ix":5},"lc":2,"lj":2,"bm":0,"nm":"Stroke 1","mn":"ADBE Vector Graphic - Stroke","hd":false},{"ty":"tr","p":{"a":0,"k":[0,0],"ix":2},"a":{"a":0,"k":[0,0],"ix":1},"s":{"a":0,"k":[100,100],"ix":3},"r":{"a":0,"k":0,"ix":6},"o":{"a":0,"k":100,"ix":7},"sk":{"a":0,"k":0,"ix":4},"sa":{"a":0,"k":0,"ix":5},"nm":"Transform"}],"nm":"Shape 1","np":3,"cix":2,"bm":0,"ix":1,"mn":"ADBE Vector Group","hd":false}],"ip":0,"op":160.000006516934,"st":0,"bm":0},{"ddd":0,"ind":10,"ty":4,"nm":"grey-heart","sr":1,"ks":{"o":{"a":0,"k":100,"ix":11},"r":{"a":1,"k":[{"i":{"x":[0.833],"y":[1]},"o":{"x":[0.333],"y":[0]},"t":16,"s":[0]},{"i":{"x":[0.833],"y":[1]},"o":{"x":[0.167],"y":[0]},"t":20,"s":[-20]},{"i":{"x":[0.667],"y":[1]},"o":{"x":[0.333],"y":[0]},"t":25,"s":[0]},{"t":37.0000015070409,"s":[360]}],"ix":10},"p":{"a":1,"k":[{"i":{"x":0.833,"y":0.833},"o":{"x":0.333,"y":0.333},"t":4,"s":[175,125,0],"to":[0,0,0],"ti":[0,0,0]},{"i":{"x":0.667,"y":0.479},"o":{"x":0.333,"y":0},"t":24,"s":[175,125,0],"to":[0,0,0],"ti":[0,0,0]},{"i":{"x":0.667,"y":1},"o":{"x":0.333,"y":0.408},"t":32,"s":[175,89,0],"to":[0,0,0],"ti":[0,0,0]},{"i":{"x":0.667,"y":1},"o":{"x":0.167,"y":0},"t":40,"s":[175,135,0],"to":[0,0,0],"ti":[0,0,0]},{"i":{"x":0.667,"y":1},"o":{"x":0.167,"y":0},"t":45,"s":[175,121,0],"to":[0,0,0],"ti":[0,0,0]},{"i":{"x":0.667,"y":1},"o":{"x":0.167,"y":0},"t":49.666,"s":[175,130,0],"to":[0,0,0],"ti":[0,0,0]},{"i":{"x":0.667,"y":1},"o":{"x":0.167,"y":0},"t":56,"s":[175,123,0],"to":[0,0,0],"ti":[0,0,0]},{"i":{"x":0.667,"y":1},"o":{"x":0.167,"y":0},"t":62.033,"s":[175,127,0],"to":[0,0,0],"ti":[0,0,0]},{"t":70.0000028511585,"s":[175,125,0]}],"ix":2,"l":2},"a":{"a":0,"k":[100.5,93,0],"ix":1,"l":2},"s":{"a":0,"k":[90,90,100],"ix":6,"l":2}},"ao":0,"shapes":[{"ty":"gr","it":[{"ind":0,"ty":"sh","ix":1,"ks":{"a":0,"k":{"i":[[-2.825,0],[-3.8,2.435],[0,41.792],[31.466,0],[8.67,-15.976],[19.581,0],[0,-37.019],[-53.969,-35.071]],"o":[[2.923,0],[53.97,-35.071],[0,-37.019],[-19.679,0],[-8.475,-15.879],[-31.564,0],[0,41.792],[3.702,2.435]],"v":[[-0.049,92.693],[10.96,87.921],[100,-30.248],[42.718,-92.693],[-0.049,-65.904],[-42.718,-92.693],[-100,-30.248],[-10.96,87.921]],"c":true},"ix":2},"nm":"Path 1","mn":"ADBE Vector Shape - Group","hd":false},{"ty":"fl","c":{"a":0,"k":[0.9921568627450981,0.9411764705882353,0.8705882352941177,1],"ix":4},"o":{"a":0,"k":100,"ix":5},"r":1,"bm":0,"nm":"Fill 1","mn":"ADBE Vector Graphic - Fill","hd":false},{"ty":"tr","p":{"a":0,"k":[100.25,92.944],"ix":2},"a":{"a":0,"k":[0,0],"ix":1},"s":{"a":0,"k":[100,100],"ix":3},"r":{"a":0,"k":0,"ix":6},"o":{"a":0,"k":100,"ix":7},"sk":{"a":0,"k":0,"ix":4},"sa":{"a":0,"k":0,"ix":5},"nm":"Transform"}],"nm":"Group 1","np":2,"cix":2,"bm":0,"ix":1,"mn":"ADBE Vector Group","hd":false}],"ip":0,"op":160.000006516934,"st":0,"bm":0}],"markers":[]}